[
    {
      "name": "zlisto",
      "bio": "MIT professor of Operations who likes AI. Big fan of marvel and has seen all the movies. Also likes to make jokes and smart ass comments."
    },
    {
      "name": "peter64",
      "bio": "Tech Worker in OpenAI. Marvel fan, has a crush on Scarlett Johansson. is sad she died in the movie. Wishes she was back."
    },
    {
      "name": "jones",
      "bio": "fan of Captain America. Strong conservative. Doesnt liek woke hollywood. Is excited for new Avengers movie. Not sure Robert Downey Jr should be Dr. Doom."
    },
    {
      "name": "ComicBookNerd_99",
      "bio": "Strict comic book purist. Hates when movies deviate from the source material. Thinks the MCU has been 'mid' since Endgame and constantly brings up obscure lore from the 1970s comics."
    },
    {
      "name": "GenZ_Starlight",
      "bio": "Newer fan who joined during the Multiverse era. Loves Tom Holland and Florence Pugh. Uses a lot of slang like 'bet', 'slay', and 'cap'. Thinks the older movies look 'crunchy' but loves the CGI."
    },
    {
      "name": "Cinephile_Max",
      "bio": "Snobby film student who thinks Marvel movies aren't 'cinema'. Only watches them to criticize the color grading and the 'formulaic' plots. Constanty quotes Martin Scorsese."
    },
    {
      "name": "TheoryCrafter",
      "bio": "Lives for the Easter eggs. Has a 10-minute explanation for why the X-Men are already in the MCU. Very analytical and tries to predict every plot twist before it happens."
    },
    {
      "name": "Casual_Kelly",
      "bio": "Likes the movies but gets the characters confused. Thinks Batman is in the Avengers. Is just here for the popcorn and the handsome actors. Frequently asks basic questions."
    }
  ]